Stacy Considine,adrien@jakubowskikub.com
Rocky Klocko,kian@ortiz.biz
Elouise Jacobson,uriel.terry@jerdebosco.biz
Daisha Kuvalis II,jalyn.bernier@hintzlabadie.name
Camron Ebert,maggie@harber.org
Milan Waters,adella_conn@hermiston.net
Annetta Farrell,kiara_schimmel@donnelly.net
Hillard Cassin,aleia.romaguera@rohan.name
Marilou Maggio V,jimmie_muller@bosco.net
Rene Pouros DVM,ena@crooks.org
Trey Kozey,deon_parker@nicolas.name
Alia Bartell,phyllis@williamson.com
Matt Haag,viva@murray.org
Gerald Smith,thea@padbergcrist.org
Sadye Lemke,romaine@boehm.biz
Riley Fadel,elsie@oconnell.info
Jabari Bruen,kayleigh.reichel@bogan.com
Mose Koepp,hayden@botsford.info
Koby Hartmann,sienna@gutmann.info
Ms. Leonel Flatley,alanis@smithsmitham.net
Dorian Cruickshank,sincere.rosenbaum@fritsch.biz
Urban Effertz V,marietta.grimes@rennerwintheiser.info
Jalon Hudson,porter.rogahn@herzog.biz
Elliot McGlynn III,eldred@konopelskibeatty.name
Miss Hank Keebler,mia_grant@yundtreilly.org
Angelo Wiza,bridgette@hartmannjohnston.com
Keven Ruecker,earnest_hegmann@okonhyatt.org
Dr. Amya Heller,treva_gleason@lefflerhilll.name
Vallie Dach,leon.barrows@abernathyjacobson.name
Ms. Pauline Gulgowski,toy_watsica@schulistherman.org
Eula Armstrong,cruz_bergnaum@leffler.com
Luna Murazik I,elnora.boehm@homenick.name
Thora O'Keefe,margarete.flatley@powlowskischuppe.net
Bethel Kutch,lia_dooley@brakus.com
Floyd Kilback V,reinhold@price.name
Ubaldo Runte,reagan@johns.name
Joe Hand,delfina@haleyprice.biz
Cody Bartoletti V,crystel@ritchiejacobi.info
Zoie Batz,henry_walker@goyette.info
Rory Maggio,katelin.haley@heathcotereilly.org
Miss Arch Kub,lilian_kling@schmeler.com
Furman Leannon,chaz@huelatterfield.org
Torrey Koch,veronica_lowe@cummingsbauch.info
Lydia Hilpert DDS,viviane@moenledner.net
Victoria Boehm IV,tito_donnelly@mitchell.net
Selmer Price,david.bergnaum@batzrolfson.info
Sarah Fisher IV,michaela.veum@spinka.com
Dr. Maurine Schultz,jacinthe_heel@erdmanhoeger.name
Brant Towne,caidy_moore@herman.net
Ryley Bruen,martine@abernathy.com
Velma Pacocha,giuseppe@prosaccogaylord.info
Caleb Tromp,else@gottliebpredovic.info
Nyah Volkman DVM,nasir@collins.info
Sallie Ebert,loren@weinatmosciski.com
Mrs. Omari Goodwin,anika_hauck@jenkinshaley.net
Alayna Langworth,theresa@raynorveum.name
Arnaldo Beer,georgianna_franecki@macejkovic.net
Kianna Satterfield,lavon_white@wuckert.biz
Valentine Stokes,liliana_gibson@harris.info
Gayle Flatley,conrad.lowe@waelchi.info
Ms. Alanna Goodwin,marcelle_wiegand@romaguera.net
Clare Robel,justen@hyattbuckridge.org
Lane Block,lilly_gleichner@bergefahey.org
Damaris Windler,chaya@windlervolkman.org
Dr. Sylvia Wunsch,kian@haag.org
Horacio Mayert,talon.kuvalis@vonrueden.biz
Lauren Miller,florence.langworth@yundt.net
Hailee Kirlin,bryon.konopelski@stokes.com
Jadon Bins,nicolette@weber.info
Gretchen Gottlieb,mazie.marvin@gaylord.name
Gillian White,tracy.cormier@cartwright.net
Mrs. Winona Langworth,norval@hudson.com
Mariela Stanton,emily@kundeleffler.biz
Mackenzie Greenfelder,jace@vonrueden.biz
Jeanne Ratke,willow@gibson.info
Aisha Mann DVM,benton.berge@reichelullrich.net
Alvina Kerluke,alexandro.wehner@hickleshanahan.biz
Ms. Harvey Jacobi,leilani@predovic.com
Sterling Kuphal,ila@schuster.com
Vincenza Beahan,bradford_ferry@bernhard.biz
Raegan Schaden,ona@howeborer.info
Destinee Tromp DVM,sibyl_reichel@romaguera.net
Dr. Willis Conroy,linwood_dickinson@roobhand.com
Keagan Schumm,don_gleichner@rosenbaumrodriguez.net
Shea Feil,marjorie@hermannspinka.name
Kitty Casper,ford@zulauf.com
Ms. Edyth Toy,elisha@macejkovic.info
Blaise Treutel,art.wunsch@monahan.org
Katarina Brown,geo.mcglynn@harbergerhold.com
Susana Green,dale@harber.net
Meda Homenick,tod@mraz.biz
Ms. Cielo Durgan,ro.graham@ohara.biz
Doris Gulgowski,dangelo.mccullough@weinat.net
Willow Walsh,autumn@macgyver.net
Ms. Katrina Zboncak,floyd@torphy.net
Elisa Walter DDS,michale@krajcikrippin.info
Miss Caroline Kuvalis,isai.casper@hodkiewicz.biz
Braulio Krajcik,shyann_macejkovic@toyframi.com
Cielo Runte,haylie@skilesmills.biz
Mireille Schulist,savanna@douglas.org
Rene D'Amore,destinee@deckow.info
Fredy Hauck,raina.deckow@hillsrippin.org
Alberto Cole,mariane_stoltenberg@stoltenberg.net
Rosendo Barton,elenora@kubharris.biz
Mrs. Sanford King,kaden.auer@marvin.com
Mrs. Kamren Dibbert,connor@considine.name
Margot Kling,diana.bruen@wieganddurgan.info
Miller Satterfield,arely_wolff@bartoletti.name
Dylan Mohr,sherwood.spinka@baumbach.net
Brycen Kulas,theresa.fisher@kerluke.org
Lazaro Keebler,malcolm@gleasonsmitham.biz
Dedrick Hilll,columbus.leuschke@turcottemcglynn.name
Roosevelt Runte MD,jameson@erdman.name
Lexi Hammes MD,alford.bailey@labadie.net
Lorenz Mante,cale.dietrich@marvin.info
Kristopher Monahan,valentine.tremblay@bodegoldner.net
Fredrick Bartell,dayne@kemmer.biz
Alexys Rippin,minerva@deckow.com
Mrs. Irma Senger,logan@schimmelturcotte.net
Lorena Boyle,harold@colliermcclure.info
Bianka Kessler,demarcus.beatty@greenholt.info
Jaunita Kuhn,myles.jaskolski@murazik.net
Phyllis Swift,german_connelly@dare.name
Lenna Russel,oceane_bradtke@keeling.org
Muhammad Schumm,claud@nicolashoeger.com
Guido Okuneva,garth@parker.info
Jesus Denesik,heber_jacobi@kozey.com
Imelda Jaskolski,carolyn@kuphal.org
Hyman Hansen,kristian@bernhard.net
Iva Goyette,laria@quigley.com
Octavia Baumbach,anderson@abbottgaylord.biz
Mrs. Cecil D'Amore,aiyana@blanda.biz
Maribel Durgan,alda@beatty.org
Mrs. Caleigh Hegmann,melia@mills.net
Juanita Reichert,anna_witting@fritsch.name
Jalen Cronin IV,madalyn@krajcik.net
Tate Stroman,xavier@breitenbergkling.info
Geoffrey Klein DVM,norma.vandervort@sanfordpredovic.com
Ms. Abe Wuckert,leonora_hirthe@strosinkoch.com
Delfina Moore MD,fay_bahringer@bahringer.com
Percy Schoen,bailee_maggio@langosh.name
Easton Schultz,trace.koelpin@kovacekterry.com
Ms. Rhiannon Smith,macie_walsh@blandahodkiewicz.biz
Mrs. Jordan Pfeffer,june@stanton.net
Shany Osinski,addison_senger@buckridge.biz
Nyasia Greenfelder,enoch.wintheiser@romaguerahansen.info
Antonia Kozey IV,zander@runolfon.name
Sophia Ullrich,katheryn@ledner.net
Leora Mayer III,uriel_padberg@hegmannbruen.com
Rodolfo Konopelski,clemmie_collins@kutch.org
Carrie Abbott I,tia@gerhold.org
Miss Kim Kuhlman,osborne@mcculloughgreen.net
Seamus Yundt,frederick.spencer@schaden.net
Mr. Frederik Hickle,rogelio_mcclure@schowalter.biz
Magdalen Nitzsche,pete.collins@kutch.net
Teresa Kulas,columbus@kemmer.com
Maggie DuBuque,royce_beatty@collinshammes.name
Ms. Aryanna Tremblay,earlene.koelpin@herman.com
Mrs. Ignatius Hane,karolann_bogisich@oreilly.name
Enid Schiller,faustino.kris@boyer.name
Callie Jacobs,bernita_konopelski@satterfield.net
Maia Fahey,van.ratke@metzveum.net
Jerod Brakus,johnson_rippin@kilback.com
Mr. Alivia Stroman,samir@terry.info
Zelda Klocko,jaron@doyleaufderhar.org
Rhea Windler,alfred.lowe@bashirian.biz
Monroe Kirlin PhD,laila@schneider.net
Shaun Sawayn,jacynthe@rathgleason.name
Uriah Barton,laura@steuber.biz
Ms. Daryl Sawayn,cecelia.powlowski@vonrueden.com
Dayton Glover,dock@hoegerkemmer.name
Aditya Auer III,hildegard@volkmanhowell.org
Judah Glover,rigoberto@borerwolff.info
Virgie Feil,cordie_kovacek@hermiston.biz
Miss Werner Effertz,laisha@osinski.net
Mrs. Vincent Marquardt,gene@schmitt.info
Lonzo McKenzie DDS,estelle@swiftgibson.biz
Maude Herman PhD,kayla_stark@weber.net
Valentine Kilback,dorcas@stiedemann.biz
Judy Friesen,glenda@berge.name
Rudy Veum,blaise.parker@koelpinreynolds.name
Penelope Berge,deon_oconnell@kovacekgraham.com
Danial Rowe,terrill.orn@weimannbatz.com
Mia Hammes DVM,janelle.senger@block.name
Mortimer Hamill,tad.vonrueden@mcclurehodkiewicz.name
Ms. Ned Grant,edyth@balistrerimurazik.biz
Mrs. Jeanette Legros,stephany.nicolas@crooksjakubowski.biz
Elisabeth Waelchi DVM,lionel@ortiz.info
Aron Bailey,zelda_keler@halvorson.org
Jovan Hodkiewicz,rozella_weber@west.com
Naomie Gislason,bertha.collins@metz.org
Marina Price,dena.denesik@sauerokeefe.org
Kara Greenfelder,demarcus@schimmel.org
Savanna Zulauf Sr.,nayeli@corkerycarroll.info
Piper Kshlerin Jr.,juvenal.bruen@kirlin.biz
Cheyanne Renner,tiana_schmitt@ziemeokeefe.com
Zoila Grimes,alta.gibson@oreillyschiller.name
Jackson Champlin,donny@heller.biz
Yadira Altenwerth,skylar.ledner@greenholtoconner.info
Elwin Gulgowski,burdette.conn@nolan.com
Morris Stamm Sr.,abel@buckridge.biz
Isai Nolan,ned.wintheiser@kutch.net
Maegan Daniel,odea@effertzzboncak.biz
Lura Klein,vida_harvey@larsoncollins.info
Maximillian Moen,kobe_oreilly@jakubowski.info
Mrs. Tito Kuphal,erna@larkintorp.com
Isaiah Dietrich III,wade_collins@keebler.net
Addison Willms Sr.,tomas@stokeskuhlman.com
Will Donnelly DVM,presley@hickle.info
Alexandre Lockman,chandler_cruickshank@mayertkshlerin.com
Tyreek Casper,ida@gerlachroob.com
Eugenia Christiansen,grayce.bogan@schillerschaefer.com
Giuseppe Herzog,cooper.bashirian@schroederpfeffer.name
John Konopelski,antonietta.kunze@friesen.net
Mrs. Baron Kuhlman,yasmeen.cole@klocko.net
Kane Koelpin PhD,rae_auer@toymraz.info
Berniece Collier,greta@konopelski.com
Larry Heller,doris@gleichner.biz
Laila Hane,elliott@kiehn.biz
Miss Tobin O'Keefe,dixie.langosh@goodwin.name
Helen Jacobi,baylee@borer.com
Emmitt Weimann,elmo.legros@renner.net
Carlo Feeney,kitty.feeney@bednar.biz
Mrs. Sallie Marvin,sunny_stroman@champlinschmitt.info
Obie Quigley,kane@mcglynn.info
Lavinia Fay,eugenia@terry.name
Blaise DuBuque,jailyn@lockman.net
Taylor Stark V,jeika@hartmann.com
Charity Schinner,crystal@zboncakstokes.biz
Jazmyne Bashirian,evelyn@tillmanparisian.biz
Lavonne Kunze,clementina@mullerreynolds.biz
Ms. Dayton Walsh,vicente.jast@abernathykeler.com
Ms. Jonathon Parker,lincoln@toy.info
Mr. Johanna Smitham,wilmer_muller@kshlerin.org
Milton Hintz PhD,caitlyn@herzog.org
Zita Jast IV,jarred@quigley.org
Freddy DuBuque,luisa_turner@wisoky.name
Talia Zemlak,ethelyn.larson@goyette.org
Richmond Wintheiser,fanny@moengusikowski.biz
Wilfred Ziemann II,lourdes@kaulke.biz
Johan Hayes,richmond@jakubowski.info
Helmer Casper,luther@goldner.name
Cullen Franecki,tyrell@hyatt.net
Ethan Ondricka,claud_monahan@larkin.name
Craig Denesik,maverick.yundt@steuber.biz
Mr. Florine O'Kon,zoey@dooley.com
Stephon Emmerich,toby@volkman.info
Iliana Durgan,brandyn@waltermohr.name
Maia Kuhlman II,te_oberbrunner@legros.biz
Trever King,edgar.denesik@mayer.com
Torrey Veum DDS,leonie.langworth@wehner.net
Ardith Skiles,esmeralda.mann@gleasonlemke.biz
Isabelle Langworth,norris.zulauf@rau.name
Gonzalo Lesch,lyric.harvey@doyle.net
Lizeth Bergnaum,bart.cruickshank@johnson.com
Raheem Pfeffer Jr.,albin.hegmann@bogan.biz
Darian Eichmann,angus_hamill@jerdevonrueden.info
Raquel Kuvalis,horacio@jones.net
Juana Bradtke,misty@mosciskiheller.com
Alycia Zemlak,joesph@wolf.com
Iva Johnston IV,vern@schinnermacejkovic.com
Dr. Moises Kessler,cierra_schaden@cremincain.com
Lindsey VonRueden,gay_senger@bernhardoconner.org
Bertram Feest,sydnee@jenkins.biz
Esperanza Stehr V,jovani_kling@pouros.info
Mrs. Burdette Luettgen,dagmar@botsford.org
Turner Upton,mazie@bauchmante.net
Isom Strosin,micah_kutch@rohanhauck.com
Elenor Douglas,jaime_kling@cain.com
Claudie Jacobson DDS,delilah@ernser.net
Ms. Julien Cremin,sheldon.kihn@ritchie.com
Beaulah Deckow III,cleveland@considine.name
Clarabelle Runte,camylle_mann@jacobikulas.info
Kacie Hahn,ludwig@osinski.net
Mustafa Muller,micah@ward.org
Neil Balistreri IV,devon@leuschkeortiz.net
Angel Barton I,marianne@harvey.net
Cayla Wintheiser,al@purdydoyle.biz
Angus Hilll,abby@frami.info
Carolyn Hodkiewicz,jeramie@heaney.biz
Evalyn Kassulke,devon@kunde.info
Mr. Josie Dietrich,percy.hintz@raynor.name
Celia Sanford,josephine@beahannader.info
Triston Braun,jaleel_muller@gulgowskibrakus.com
Abigale Krajcik PhD,ena_sawayn@kozey.net
Kali Batz,josephine@stokes.biz
Carmen Stokes Sr.,charley_veum@rosenbaum.org
Selmer Abbott,laverne@paucekvolkman.net
Newton Aufderhar,cleta_heller@bashirian.biz
Bulah Kassulke,vito@marks.info
Karine Homenick,larry@turner.net
Ms. Silas Miller,earl@conroybednar.net
Jena Hoeger,broderick@cormierdonnelly.net
Giovanny Schoen,sonia_hilpert@parker.com
Maud Hackett,misael_bins@erdman.biz
Rafaela VonRueden,axel@hodkiewiczking.biz
Hobart Hoeger,oral@connellyboyer.org
Jarrett Smitham,eladio_walsh@kilback.info
Sabrina McKenzie III,irwin@hansensauer.net
Cristal Torp,ewald.anderson@hilll.net
Gay Crooks,eusebio@kuphal.name
Bessie Glover,emmy_hahn@ruecker.info
Haskell Franecki,jaren_watsica@vonrueden.name
Connor Bashirian,wellington@bergnaum.com
Dwight Lowe Jr.,wilfrid_anderson@robel.com
Mathias D'Amore,rosie.gutmann@krajcik.com
Isabell Ryan,desmond@yost.com
Donna Brekke,lucienne_lebsack@schneider.info
Keira Turner,halie.heel@terryhamill.net
Ms. Christine Farrell,yvette@ernser.com
Dr. Evans Rutherford,winifred_parker@crist.info
Dessie Feeney,marco_eichmann@swaniawski.org
Dr. Elenora Monahan,hipolito_smitham@schroeder.org
Destiny Grimes,otilia@sanfordanderson.name
Bernadine Cassin,robb_ebert@reynolds.name
Alek Tremblay,ward@botsford.info
Herman Simonis,lamar@jenkinstoy.biz
Berry Abernathy,adolfo_terry@gulgowski.com
Enrique Gaylord,jeramy_ruel@millsgleichner.name
Arnaldo Senger,carolanne_leannon@pagac.info
Eli Strosin,florian@schmeler.net
Zora Littel,axel@crooks.name
Abe Rowe Sr.,rosamond.osinski@robelframi.biz
Karlee Hegmann DDS,bret.keler@legros.com
Maryjane Wolf,delia.corkery@predovic.info
Mellie Bode DDS,kiera@kohler.info
Stacey Hessel,manley@schambergerbartell.name
Jamison Gottlieb,tad_brown@howell.net
Marta Breitenberg,eda_hilll@kutchstanton.info
Samara Kunze,patsy.goyette@streich.info
Chelsey Hoeger,isaac@harveynolan.com
Cullen Raynor DDS,kari.ruecker@cronin.info
Miracle Cummerata DDS,cullen.farrell@rempelgoyette.org
Destini Von,everardo@boganzboncak.net
Orion Gottlieb I,hellen.runolfsdottir@schadenkuhn.net
Ms. Nikita Macejkovic,gaylord.ferry@herzog.net
Stone Rohan,lauren@hyatt.com
Mrs. Madyson Gerlach,humberto@mann.biz
Lexus Stanton,freddy.carroll@hoppecasper.info
Edgardo Goldner,edyth@reilly.com
Angelica Little,julianne_sporer@bogancrona.name
Russell Carroll,justice_lebsack@leffler.info
Tessie Paucek I,emmie_johns@kuvalis.com
Jace Walker,delmer_cronin@raynorhuel.com
Mr. Arlo Heller,dannie@kaulke.com
Isac Braun,clint@wildermanrunolfsdottir.com
Alfonso Padberg,adolphus@bogisichgaylord.org
Bernita Rohan,sydni_hoeger@shanahan.info
Rylee Quigley,janis_grady@lesch.net
Abigail Graham,judah.moore@lemkeherman.org
Jennie Feil,lonzo@hagenesbernier.biz
Nickolas O'Hara,shemar@jacobson.org
Miss Augustine O'Kon,domenico.aufderhar@hirthehills.name
Carroll Kutch,felicita_beier@lang.org
Sibyl Harvey,kali@lemke.net
Miss Kasey Murazik,elmore@dare.biz
Janelle Mertz,rigoberto_howe@armstrong.org
Gavin Runolfsson,leora@quigleyhaley.org
Beatrice DuBuque,corine@herzog.com
Lionel Kozey III,gino_mcglynn@rathdaniel.org
Mr. Norene Reinger,arjun_beer@legros.biz
Kaley Schuppe IV,evangeline.funk@kub.info
Alana Predovic,arnulfo.armstrong@davis.org
Andreanne Rowe DDS,emilia@veum.com
Mrs. Hans Bins,arch@ward.net
Erna Wisoky,alexzander.kling@gerlach.info
Jannie Mann,heber@dibbert.net
Kathryn Romaguera,moses@wisokyrunte.org
Jules Kuhlman,alexandria_abshire@moenortiz.com
Shana Wilkinson,jazmyn.parker@hills.net
Miss Melvin Skiles,grover_johns@larkin.info
Dr. Alfred Quitzon,dario@donnellybosco.com
Ana Lemke PhD,axel.nader@farrellgrady.org
Natasha Homenick II,shanie@leffler.com
Kailee Rempel,zachery.blanda@hillshamill.net
Janis Hayes V,flavio_sipes@emard.com
Dayana Gerhold,destiny@veum.org
Adah Conroy,karen_treutel@boyleokuneva.org
Brionna Kessler,tito@stoltenberg.info
Doug Gleichner,maximillian_powlowski@hodkiewiczgoyette.name
Lela Sanford,josie@hagenes.name
Lonny Nienow MD,jaiden@fadel.net
Luisa Jakubowski,ettie@torp.name
Ova Conroy,eloy_oconner@kiehnstoltenberg.info
Mr. Imelda Maggio,taryn_wilkinson@corkery.net
Dr. Abdullah Hilpert,jovany_jacobs@jaskolski.org
Darrell Fritsch,godfrey.johnson@koepprenner.biz
Mr. Lauryn Denesik,barrett_bartoletti@harber.net
Dr. Susana Spencer,roosevelt@klocko.info
Paolo Marvin,riley@walker.com
Tevin Donnelly,jordyn@creminhoeger.info
Elenor Heidenreich,jaleel@hackett.com
Marcella Thompson,ludie_lowe@kub.info
Reyes Krajcik,kenyatta@johnskulas.net
Shaniya Walker,diamond@denesik.com
Effie Ritchie,anahi.hettinger@mraz.org
Giuseppe Kassulke,kane@hegmannpowlowski.net
Emilia Metz,garett@kulas.biz
Mrs. Mohamed Pagac,michaela_fisher@crookspacocha.name
Dedrick Abernathy,kale.bernhard@wizathompson.biz
Dimitri Reichert,elvis_pfeffer@muraziklesch.info
Gilda Conn,haskell@kaulke.org
Wilfredo Nitzsche,wyatt.durgan@volkman.com
Giovanny Kozey,jana@moorekoelpin.com
Santino Gibson,millie_mcglynn@rogahnward.biz
Newell Moen,pearlie_rowe@douglaschristiansen.name
Dr. Mireya Champlin,darius@bartell.org
Beaulah Muller,presley_funk@waters.biz
Alison Padberg DVM,moriah_mohr@damore.biz
Manley McGlynn,jett@walshgreenfelder.name
Dr. Rosemary Stokes,marisol@schneider.biz
June Bergnaum DVM,brock@conroypfeffer.name
Theron Lesch I,sabina_leuschke@mcclurerolfson.com
Laury Murray Jr.,orin@hane.info
Letha Lemke,riley@erdmanhettinger.com
Mrs. Esperanza Beer,betsy@bartoletti.name
Ola Bergnaum I,uriel_smith@labadie.name
Roberto Russel,jordyn@dach.com
Ewald Parisian,lola@hammes.com
Giovanny Aufderhar,trystan_ebert@tillman.net
Monserrat Stiedemann,ashton@reichel.net
Lavern Bartoletti V,elwin@marquardtruecker.biz
Daisy Simonis,tillman@wuckert.biz
Hailey Lowe,cortney@trantowjones.biz
Cedrick Rodriguez Sr.,grover_fahey@connelly.net
Columbus Klocko,charlene@willms.name
Brannon Dibbert,maiya_kshlerin@kunzebailey.biz
Nick Sawayn,elisa@legros.com
Mrs. Jaida Cassin,celestine_vonrueden@ziemann.name
Wilfrid Harris,virginia@schaeferlegros.com
Lolita Wehner,caesar@kihn.org
Mrs. Annabel Sanford,benedict_hackett@gusikowskidonnelly.info
Kaia Considine,claudine_predovic@lubowitz.net
Mr. Xzavier Adams,dannie.davis@heathcote.info
Sylvester Stanton II,brook.blanda@goyette.net
Terrell O'Conner,michele_leffler@leschhackett.net
Laverna Weber,antonietta@oreillyosinski.org
Constance Murazik,adelia@bogan.com
Judge Rau,triston_pagac@larkinanderson.net
Alvena Corwin,niko.wunsch@kingankunding.net
Brent Nitzsche,barton@ryangoodwin.info
Sedrick Hilll,wyatt@steubergoyette.info
Scarlett Ankunding,jody.hoeger@ebert.biz
Carmen Armstrong,burley_jacobi@bradtke.biz
Cathy Wolf,elia.raynor@boehmwhite.com
Dr. Kirstin Toy,blaise_lehner@ko.org
Ms. Khalid Hirthe,lyla.kunde@padbergschuppe.org
Kamryn Schmitt,helmer@jenkins.net
Shyanne Feil,baylee_kohler@mertzkoch.org
Dr. Savannah Bartoletti,lamar@hirthe.com
Dr. Allen Bergnaum,karelle@kertzmanncollins.org
Wade Cormier,pierre@ruel.net
Jerod Gerhold,wallace.harber@koelpincarter.net
Lilliana Nader,alena.wuckert@starkhagenes.info
Lester Koch,tina.cartwright@pouros.org
Miss Shanel Kautzer,kade.schuppe@koch.com
Carrie Rohan,alexane_kuhn@crooks.biz
Lucile Waelchi,hilda.veum@schowalterdietrich.com
Stella Bartoletti,estevan@thiel.com
Eleanore Gutkowski,rogelio.homenick@jacobson.net
Jason Rau,polly_kulas@hahn.info
Blanche Schuster DDS,morris@kozey.com
Elmira Roob,robin@krajcikwolff.name
Johann Kris V,lelah@mertz.biz
Kristy Trantow,rudy@schowalterkilback.org
Erling Huel,thora.cronin@hoppe.net
Ford Jast,giovanna@dubuquepowlowski.com
Kyra Hegmann,pearl@heaney.org
Maverick Lubowitz,clyde_kunze@swiftreynolds.com
Rickie McDermott,nestor@huel.biz
Mrs. Lauriane Monahan,shaniya_maggio@ward.biz
Clement Brakus,charles@conn.biz
Simone Bayer I,esther.balistreri@stoltenberghilpert.com
Amy Bahringer,jovani@hamillokuneva.org
Josephine Reichel,valerie_keebler@schmeler.info
Tyra Shields,milford.jast@moen.info
Jett Cruickshank PhD,albin@rempel.name
Ethan Hyatt,aaron@hansen.com
Rosalind Konopelski I,ora_medhurst@klingpfeffer.info
Elody Schuppe,alphonso@wilkinson.com
Janie Casper,theresia_erdman@bodereichert.org
Carlotta West,cheyanne_schumm@vandervortgaylord.biz
Stephanie Mayert,coty@feeney.org
Mr. Royce Baumbach,melba.adams@gerlach.biz
Sabina Huel,lauretta@gutmanngibson.info
Steve Bergstrom,lorna_kaulke@lesch.net
Dr. Halle Veum,rory@kulas.name
Damon Baumbach,caidy@kuhn.com
Heber Pfeffer,jovan.daniel@stiedemann.net
Kira Mohr,daphney.hagenes@sawaynmertz.com
Rogers Lemke,richard@hartmannaufderhar.name
Juana Reinger III,filomena@hamill.net
Ryley Murray,ezekiel.eichmann@johnson.biz
Hettie Shields,pete@swaniawskiheaney.net
Albertha Brakus IV,amanda_nolan@macgyver.com
Estevan Kessler,destiney@greenfelderko.name
Kirsten Rice,catalina.sporer@gottliebpadberg.info
August Berge,aubrey@larson.com
Maryse Macejkovic,alyce@damoreparisian.biz
Loren Quigley,christ@bashiriananderson.name
